SCRIP_CD,scrip_id,Scrip_Name,Issuer_Name,GROUP,Status,FACE_VALUE,ISIN_NUMBER,INDUSTRY,Segment
534109,PYXISFIN,Pyxis Finvest Ltd,Pyxis Finvest Limited,MT,Active,10.00,INE883L01018,,Equity
534659,JOINTECAED,Jointeca Education Solutions Ltd,Jointeca Education Solutions Limited,MT,Active,10.00,INE131N01018,,Equity
534708,SHANTIGURU,Shanti Guru Industries Ltd,SHANTI GURU INDUSTRIES LIMITED,MT,Active,10.00,INE892L01019,,Equity
535279,BMAL,Bothra Metals & Alloys Ltd,Bothra Metals & Alloys Limited,M,Active,10.00,INE583M01012,,Equity
535647,SDC,SDC Techmedia Ltd,SDC TECHMEDIA LIMITED,MT,Active,10.00,INE807O01011,,Equity
535917,GCMCOMM,GCM Commodity & Derivatives Ltd,GCM Commodity & Derivatives Limited,M,Active,10.00,INE200P01016,,Equity
536710,SRGFFL,SRG Fingrow Finance Ltd,SRG FINGROW FINANCE LIMITED,M,Active,10.00,INE326P01019,,Equity
536737,ACFSL,Amrapali Capital and Finance Services Ltd,Amrapali Capital and Finance Services Limited,MT,Active,10.00,INE218P01018,,Equity
536738,STELLAR,Stellar Capital Services Ltd,STELLAR CAPITAL SERVICES LIMITED,M,Active,10.00,INE325P01011,,Equity
537573,POLYMAC,Polymac Thermoformers Ltd,Polymac Thermoformers Limited,M,Active,10.00,INE826P01018,,Equity
537582,UNISHIRE,Unishire Urban Infra Ltd,Unishire Urban Infra Limited,M,Active,10.00,INE210P01015,,Equity
537669,LAXMIPATI,Laxmipati Engineering Works Ltd,LAXMIPATI ENGINEERING WORKS LIMITED,M,Active,10.00,INE920P01019,,Equity
537784,KCSL,Karnimata Cold Storage Ltd,Karnimata Cold Storage Limited,M,Active,10.00,INE576P01019,,Equity
538319,GCMCAPI,GCM Capital Advisors Ltd,GCM Capital Advisors Limited,MT,Active,10.00,INE191P01017,,Equity
538496,TARINI,Tarini International Ltd,Tarini International Limited,M,Active,10.00,INE849M01017,,Equity
538576,BHANDERI,Bhanderi Infracon Ltd,Bhanderi Infracon Limited,MT,Active,10.00,INE336Q01016,,Equity
538579,ZINEMA,Zinema Media And Entertainment Ltd,ZINEMA MEDIA AND ENTERTAINMENT LIMITED,MT,Active,10.00,INE641Q01019,,Equity
538667,SIROHIA,Sirohia & Sons Ltd,Sirohia & Sons Limited,MT,Active,10.00,INE785O01019,,Equity
538731,HANMAN,Hanman Fit Ltd,HANMAN FIT LIMITED,M,Active,10.00,INE982Q01017,,Equity
538765,JSHL,JLA Infraville Shoppers Ltd,JLA Infraville Shoppers Limited,M,Active,10.00,INE401Q01018,,Equity
538794,JETSOLAR,Jet Solar Ltd,JET SOLAR LIMITED,MT,Active,10.00,INE155R01018,,Equity
538921,RAFL,Raghuvansh Agrofarms Ltd,Raghuvansh Agrofarms Limited,M,Active,10.00,INE865P01016,,Equity
539026,SSPNFIN,SSPN Finance Ltd,SSPN Finance Limited,M,Active,10.00,INE820R01017,,Equity
539041,GANVERSE,Ganesha Ecoverse Ltd,GANESHA ECOVERSE LIMITED,MT,Active,10.00,INE369Q01017,,Equity
539098,FILTRA,Filtra Consultants and Engineers Ltd,Filtra Consultants and Engineers Limited,M,Active,10.00,INE541R01019,,Equity
539099,ATHCON,Athena Constructions Ltd,Athena Constructions Limited,M,Active,10.00,INE291R01011,,Equity
539116,OPCHAINS,O. P. Chains Ltd,O. P. Chains Limited,MT,Active,10.00,INE118Q01018,,Equity
539265,AMRAFIN,Amrapali Fincap Ltd,Amrapali Fincap Limited,MT,Active,10.00,INE990S01016,,Equity
539273,PECOS,Pecos Hotels and Pubs Ltd,PECOS Hotels And Pubs Limited,M,Active,10.00,INE484S01010,,Equity
539337,WAAREE,Waaree Technologies Ltd,WAAREE TECHNOLOGIES LIMITED,MT,Active,10.00,INE725P01012,,Equity
539352,PBFL,P. B. Films Ltd,P. B. Films Limited,MT,Active,10.00,INE212Q01019,,Equity
539401,PJL,Patdiam Jewellery Ltd,Patdiam Jewellery Limited,M,Active,10.00,INE473T01011,,Equity
539521,NAVIGANT,Navigant Corporate Advisors Ltd,Navigant Corporate Advisors Limited,MT,Active,10.00,INE364T01012,,Equity
539680,GANGAPHARM,Ganga Pharmaceuticals Ltd,Ganga Pharmaceuticals Limited,M,Active,10.00,INE615T01017,,Equity
539788,KDML,Khemani Distributors & Marketing Ltd,Khemani Distributors & Marketing Limited,MT,Active,5.00,INE030U01025,,Equity
539839,FRANKLIN,Franklin Leasing and Finance Ltd,Franklin Leasing and Finance Limited,M,Active,10.00,INE399S01010,,Equity
539864,GHUSHINE,Ghushine Fintrrade Ocean Ltd,Ghushine Fintrrade Ocean Limited,M,Active,10.00,INE009U01011,,Equity
539985,TITAANIUM,Titaanium Ten Enterprise Ltd,Titaanium Ten Enterprise Limited,M,Active,10.00,INE120V01014,,Equity
540072,SHIVAEXPO,Shiva Granito Export Ltd,Shiva Granito Export Limited,M,Active,10.00,INE191V01015,,Equity
540082,RSTL,Riddhi Steel and Tube Ltd,Riddhi Steel and Tube Limited,MT,Active,10.00,INE367U01013,,Equity
540144,DRA,DRA Consultants Ltd,DRA CONSULTANTS LIMITED,M,Active,10.00,INE746V01016,,Equity
540146,ACML,Aditya Consumer Marketing Ltd,ADITYA CONSUMER MARKETING LIMITED,M,Active,10.00,INE427V01013,,Equity
540148,BINDALEXPO,Bindal Exports Ltd,Bindal Exports Limited,MT,Active,10.00,INE564V01013,,Equity
540150,MHEL,Mewar Hi-Tech Engineering Ltd,Mewar Hi-Tech Engineering Limited,MT,Active,10.00,INE957U01011,,Equity
540151,DIKSAT,Diksat Transworld Ltd,Diksat Transworld Limited,MT,Active,10.00,INE942P01013,,Equity
540269,SKL,Super Fine Knitters Ltd,SUPER FINE KNITTERS LIMITED,MT,Active,10.00,INE459U01018,,Equity
540332,TANVI,Tanvi Foods (India) Ltd,Tanvi Foods (India) Limited,M,Active,10.00,INE978V01015,,Equity
540402,MANAS,Manas Properties Ltd,Manas Properties Limited,MT,Active,10.00,INE800W01019,,Equity
540416,OCTAWARE,Octaware Technologies Ltd,Octaware Technologies Limited,MT,Active,10.00,INE208U01019,,Equity
540468,KMSMEDI,KMS Medisurgi Ltd,KMS Medisurgi Limited,MT,Active,10.00,INE870V01014,,Equity
540550,YUG,Yug Decor Ltd,Yug Decor Limited,M,Active,10.00,INE796W01019,,Equity
540613,GEL,Gautam Exim Ltd,Gautam Exim Limited,M,Active,10.00,INE721X01015,,Equity
540651,JIGAR,Jigar Cables Ltd,Jigar Cables Limited,M,Active,10.00,INE943X01015,,Equity
540652,CTCL,Captain Technocast Ltd,Captain Technocast Limited,M,Active,10.00,INE931X01010,,Equity
540681,CHOTHANI,Chothani Foods Ltd,CHOTHANI FOODS LIMITED,M,Active,10.00,INE344X01016,,Equity
540718,AAYUSHBULL,Aayush Art And Bullion Ltd,AAYUSH ART AND BULLION LIMITED,M,Active,10.00,INE777X01017,,Equity
540729,VANTABIO,Vanta Bioscience Ltd,Vanta Bioscience Limited,M,Active,10.00,INE695X01011,,Equity
540756,KAARYAFSL,Kaarya Facilities and Services Ltd,Kaarya Facilities and Services Limited,MT,Active,10.00,INE282Y01016,,Equity
540782,SBRANDS,Sanghvi Brands Ltd,Sanghvi Brands Limited,M,Active,10.00,INE204Y01010,,Equity
540811,DML,Diggi Multitrade Ltd,Diggi Multitrade Limited,M,Active,10.00,INE158R01012,,Equity
540843,RITHWIKFMS,Rithwik Facility Management Services Ltd,Rithwik Facility Management Services Limited,MT,Active,10.00,INE819Y01015,,Equity
540850,JFL,Jhandewalas Foods Ltd,Jhandewalas Foods Limited,MT,Active,10.00,INE841Y01019,,Equity
540938,GUJHYSPIN,Gujarat Hy-Spin Ltd,Gujarat Hy-Spin Limited,M,Active,10.00,INE578V01013,,Equity
541006,ANGEL,Angel Fibers Ltd,Angel Fibers Limited,M,Active,10.00,INE339Z01011,,Equity
541083,INFLAME,Inflame Appliances Ltd,Inflame Appliances Limited,M,Active,10.00,INE464Z01017,,Equity
541112,SHREESHAY,Shreeshay Engineers Ltd,Shreeshay Engineers Limited,M,Active,10.00,INE452Z01012,,Equity
541178,BENARA,Benara Bearings and Pistons Ltd,Benara Bearings and Pistons Limited,MT,Active,10.00,INE495Z01011,,Equity
541196,LEX,Lex Nimble Solutions Ltd,Lex Nimble Solutions Limited,MT,Active,10.00,INE860Y01019,,Equity
541299,DLCL,Dr Lalchandani Labs Ltd,DR LALCHANDANI LABS LIMITED,M,Active,10.00,INE871Z01013,,Equity
541337,MILEFUR,Milestone Furniture Ltd,Milestone Furniture Limited,MT,Active,10.00,INE424Z01011,,Equity
541353,INNOVATORS,Innovators Facade Systems Ltd,Innovators Facade Systems Limited,M,Active,10.00,INE870Z01015,,Equity
541445,WAA,Waa Solar Ltd,Waa Solar Limited,M,Active,10.00,INE799N01012,,Equity
541701,SUPERSHAKT,Supershakti Metaliks Ltd,Supershakti Metaliks Limited,M,Active,10.00,INE00SY01011,,Equity
541703,RACONTEUR,Raconteur Global Resources Ltd,RACONTEUR GLOBAL RESOURCES LIMITED,MT,Active,10.00,INE00WY01013,,Equity
541799,SMEL,Sungold Media and Entertainment Ltd,Sungold Media and Entertainment Limited,MT,Active,10.00,INE266S01011,,Equity
541945,RANJEET,Ranjeet Mechatronics Ltd,Ranjeet Mechatronics Limited,M,Active,5.00,INE01A501027,,Equity
541973,MACH,Mac Hotels Ltd,Mac Hotels Limited,M,Active,10.00,INE004Z01011,,Equity
541983,INNOVATIVE,Innovative Ideals and Services (India) Ltd,Innovative Ideals and Services (India) Limited,MT,Active,10.00,INE492Y01011,,Equity
542025,SUNRETAIL,Sun Retail Ltd,Sun Retail Limited,M,Active,1.00,INE206Z01020,,Equity
542145,RONI,Roni Households Ltd,Roni Households Limited,M,Active,10.00,INE02AP01013,,Equity
542146,SKIFL,Shree Krishna Infrastructure Ltd,Shree Krishna Infrastructure Limited,MT,Active,10.00,INE951Z01013,,Equity
542155,DGL,Diksha Greens Ltd,Diksha Greens Limited,MT,Active,10.00,INE01GR01018,,Equity
542446,JONJUA,Jonjua Overseas Ltd,Jonjua Overseas Limited,M,Active,10.00,INE793Z01027,,Equity
542477,GLAAMUP,Glaam Up Jwel Ltd,GLAAM UP JWEL LIMITED,MT,Active,10.00,INE03CM01014,,Equity
542503,MAHIP,Mahip Industries Ltd,Mahip Industries Limited,MT,Active,10.00,INE00CX01017,,Equity
542592,HBEL,Humming Bird Education Ltd,Humming Bird Education Limited,M,Active,1.00,INE02PC01027,,Equity
542599,ROOPSHRI,Roopshri Resorts Ltd,Roopshri Resorts Limited,MT,Active,10.00,INE03WT01017,,Equity
542668,EVANS,Evans Electric Ltd,EVANS ELECTRIC LIMITED,M,Active,10.00,INE06TD01010,,Equity
542678,CHCL,Cian Healthcare Ltd,Cian Healthcare Limited,MT,Active,10.00,INE05BN01027,,Equity
542727,CPML,City Pulse Multiventures Ltd,CITY PULSE MULTIVENTURES LIMITED,M,Active,10.00,INE056001014,,Equity
542728,SKIEL,SK International Export Ltd,SK International Export Limited,MT,Active,10.00,INE04ST01013,,Equity
542771,NOVATEOR,Novateor Research Laboratories Ltd,Novateor Research Laboratories Limited,MT,Active,10.00,INE08JY01013,,Equity
542801,MISQUITA,Misquita Engineering Ltd,Misquita Engineering Limited,M,Active,10.00,INE957W01025,,Equity
542850,GOBLIN,Goblin India Ltd,GOBLIN INDIA LIMITED,M,Active,10.00,INE492Z01018,,Equity
542910,VALENCIA,Valencia Nutrition Ltd,Valencia Nutrition Limited,MS,Active,10.00,INE08RT01016,,Equity
542923,TRANWAY21,Tranway21 Technologies Ltd,TRANWAY21 TECHNOLOGIES LIMITED,MS,Active,10.00,INE0BIW01023,,Equity
542934,CBPL,Chandra Bhagat Pharma Ltd,Chandra Bhagat Pharma Limited,M,Active,10.00,INE07QQ01016,,Equity
543065,SMAUTO,SM Auto Stamping Ltd,SM Auto Stamping Limited,MT,Active,10.00,INE0C4I01011,,Equity
543172,COSPOWER,Cospower Engineering Ltd,Cospower Engineering Limited,M,Active,10.00,INE0CQB01010,,Equity
543194,NIRMITEE,Nirmitee Robotics India Ltd,Nirmitee Robotics India Limited,MS,Active,10.00,INE0CPQ01010,,Equity
543209,BILLWIN,Billwin Industries Ltd,Billwin Industries Limited,M,Active,10.00,INE0CRS01012,,Equity
543239,GMPL,G M Polyplast Ltd,G M Polyplast Limited,M,Active,10.00,INE0E2801015,,Equity
543244,SHINEFASH,Shine Fashions (India) Ltd,Shine Fashions (India) Limited,M,Active,5.00,INE0BLY01023,,Equity
543262,MRP,MRP Agro Ltd,MRP Agro Limited,M,Active,10.00,INE0D7801012,,Equity
543285,RCAN,Rajeshwari Cans Ltd,Rajeshwari Cans Limited,MT,Active,10.00,INE0CQ101015,,Equity
543286,JETMALL,Jetmall Spices and Masala Ltd,Jetmall Spices and Masala Limited,MT,Active,10.00,INE0D9X01018,,Equity
543309,ADESHWAR,Adeshwar Meditex Ltd,Adeshwar Meditex Limited,M,Active,10.00,INE0H8J01015,,Equity
543310,TIMESGREEN,Times Green Energy (India) Ltd,Times Green Energy (India) Limited,M,Active,10.00,INE0B6101012,,Equity
543312,FOCUS,Focus Business Solution Ltd,Focus Business Solution Limited,M,Active,10.00,INE0DXR01010,,Equity
543319,AAPLUSTRAD,AA Plus Tradelink Ltd,AA Plus Tradelink Limited,M,Active,1.00,INE0C5901022,,Equity
543346,AASHKA,Aashka Hospitals Ltd,Aashka Hospitals Limited,M,Active,10.00,INE0EAX01014,,Equity
543351,NBL,Naapbooks Ltd,Naapbooks Limited,MS,Active,10.00,INE0GOA01018,,Equity
543352,POBS,PlatinumOne Business Services Ltd,PlatinumOne Business Services Limited,M,Active,10.00,INE0DTJ01015,,Equity
543363,PREVEST,Prevest Denpro Ltd,Prevest Denpro Limited,M,Active,10.00,INE0GAO01018,,Equity
543366,SBLI,SBL Infratech Ltd,SBL Infratech Limited,MT,Active,10.00,INE0DLM01024,,Equity
543372,GETALONG,Getalong Enterprise Ltd,Getalong Enterprise Limited,M,Active,1.00,INE0H1201020,,Equity
543373,SVRL,Shri Venkatesh Refineries Ltd,Shri Venkatesh Refineries Limited,MT,Active,10.00,INE0HLJ01013,,Equity
543375,PROMAX,Promax Power Ltd,Promax Power Limited,M,Active,10.00,INE0I2F01015,,Equity
543377,ADISHAKTI,Adishakti Loha and Ispat Ltd,Adishakti Loha and Ispat Limited,M,Active,10.00,INE0CWK01019,,Equity
543378,CWD,CWD Ltd,CWD Limited,MS,Active,10.00,INE0H8H01019,,Equity
543391,SGFRL,Suyog Gurbaxani Funicular Ropeways Ltd,Suyog Gurbaxani Funicular Ropeways Limited,M,Active,10.00,INE07GA01011,,Equity
543400,OMNIPOTENT,Omnipotent Industries Ltd,Omnipotent Industries Limited,M,Active,10.00,INE0JFE01012,,Equity
543410,DMR,DMR Engineering Ltd,DMR ENGINEERING LIMITED,M,Active,10.00,INE07L501010,,Equity
543435,CLARA,Clara Industries Ltd,CLARA INDUSTRIES LIMITED,M,Active,10.00,INE0JJS01014,,Equity
543443,ASCENSIVE,Ascensive Educare Ltd,Ascensive Educare Limited,MS,Active,1.00,INE0E4I01027,,Equity
543444,FABINO,Fabino Enterprises Ltd,FABINO ENTERPRISES LIMITED,MT,Active,10.00,INE0DRT01018,,Equity
543453,ALKOSIGN,Alkosign Ltd,ALKOSIGN LIMITED,M,Active,10.00,INE0KA601012,,Equity
543460,QRIL,Quality RO Industries Ltd,Quality RO Industries Limited,M,Active,10.00,INE0KAF01018,,Equity
543461,SSTL,Safa Systems & Technologies Ltd,Safa Systems & Technologies Limited,M,Active,10.00,INE0JNA01014,,Equity
543464,SPITZE,Maruti Interior Products Ltd,Maruti Interior Products Limited,MT,Active,10.00,INE0JSJ01014,,Equity
543475,EKENNIS,Ekennis Software Service Ltd,Ekennis Software Service Limited,M,Active,10.00,INE0KCM01010,,Equity
543497,BCCL,Bhatia Colour Chem Ltd,Bhatia Colour Chem Limited,M,Active,10.00,INE0KQ001017,,Equity
543500,EVOQ,Evoq Remedies Ltd,Evoq Remedies Limited,M,Active,10.00,INE0JVD01011,,Equity
543515,SEML,Sunrise Efficient Marketing Ltd,Sunrise Efficient Marketing Limited,M,Active,10.00,INE0KPY01017,,Equity
543516,DHYAANITR,Dhyaani Tradeventtures Ltd,DHYAANI TRADEVENTTURES LIMITED,M,Active,10.00,INE0K5F01014,,Equity
543518,EIGHTY,Eighty Jewellers Ltd,Eighty Jewellers Limited,M,Active,10.00,INE0KSN01014,,Equity
543519,SFSL,Shashwat Furnishing Solutions Ltd,Shashwat Furnishing Solutions Limited,M,Active,10.00,INE0JMN01019,,Equity
543520,GLHRL,Global Longlife Hospital and Research Ltd,Global Longlife Hospital and Research Limited,MT,Active,10.00,INE0J2K01014,,Equity
543521,FONE4,Fone4 Communications (India) Ltd,Fone4 Communications (India) Limited,M,Active,10.00,INE0L3H01014,,Equity
543522,NVENTURES,Nanavati Ventures Ltd,Nanavati Ventures Limited,M,Active,10.00,INE0E5R01017,,Equity
543536,SILVERPRL,Silver Pearl Hospitality & Luxury Spaces Ltd,Silver Pearl Hospitality & Luxury Spaces Limited,M,Active,10.00,INE0KXN01014,,Equity
543537,SCARNOSE,Scarnose International Ltd,Scarnose International Limited,M,Active,10.00,INE0IXR01019,,Equity
543538,GOEL,Goel Food Products Ltd,Goel Food Products Limited,MT,Active,10.00,INE0K6L01010,,Equity
543540,PGCRL,Pearl Green Clubs and Resorts Ltd,Pearl Green Clubs and Resorts Limited,M,Active,10.00,INE0GTX01019,,Equity
543541,SAILANI,Sailani Tours N Travels Ltd,SAILANI TOURS N TRAVELS LIMITED,M,Active,10.00,INE0KHQ01010,,Equity
543542,KESAR,Kesar India Ltd,KESAR INDIA LIMITED,M,Active,10.00,INE0L1C01019,,Equity
543543,BRRL,B-Right Realestate Ltd,B-RIGHT REALESTATE LIMITED,MT,Active,10.00,INE0IZQ01016,,Equity
543544,JAYANT,Jayant Infratech Ltd,JAYANT INFRATECH LIMITED,M,Active,10.00,INE0KR801019,,Equity
543545,VEERKRUPA,Veerkrupa Jewellers Ltd,Veerkrupa Jewellers Limited,M,Active,1.00,INE0ID001024,,Equity
543546,HEALTHYLIFE,Healthy Life Agritec Ltd,HEALTHY LIFE AGRITEC LIMITED,M,Active,10.00,INE0L3501015,,Equity
543578,OLATECH,Olatech Solutions Ltd,Olatech Solutions Limited,M,Active,10.00,INE0M3901015,,Equity
543594,DPL,Dipna Pharmachem Ltd,DIPNA PHARMACHEM LIMITED,M,Active,10.00,INE0MC401013,,Equity
543595,EPBIO,EP Biocomposites Ltd,EP BIOCOMPOSITES LIMITED,M,Active,10.00,INE0D2I01014,,Equity
543597,VOEPL,Virtuoso Optoelectronics Ltd,Virtuoso Optoelectronics Limited,M,Active,10.00,INE0I0T01010,,Equity
543598,SISL,Shantidoot Infra Services Ltd,SHANTIDOOT INFRA SERVICES LIMITED,MT,Active,10.00,INE0LU301014,,Equity
543606,CONTAINE,Containe Technologies Ltd,CONTAINE TECHNOLOGIES LIMITED,MT,Active,10.00,INE0M8901010,,Equity
543613,MAFIA,Mafia Trends Ltd,MAFIA TRENDS LIMITED,M,Active,10.00,INE0KQQ01011,,Equity
543615,SRSOLTD,Silicon Rental Solutions Ltd,SILICON RENTAL SOLUTIONS LIMITED,MT,Active,10.00,INE0MNV01014,,Equity
543616,TLL,Trident Lifeline Ltd,Trident Lifeline Limited,M,Active,10.00,INE0MKA01014,,Equity
543617,REETECH,Reetech International Ltd,REETECH INTERNATIONAL LIMITED,M,Active,10.00,INE0MKO01015,,Equity
543618,CARGOTRANS,Cargotrans Maritime Ltd,Cargotrans Maritime Limited,M,Active,10.00,INE0M4L01013,,Equity
543619,CNCRD,Concord Control Systems Ltd,Concord Control Systems Limited,M,Active,10.00,INE0N0J01014,,Equity
543621,CARGOSOL,Cargosol Logistics Ltd,Cargosol Logistics Limited,M,Active,10.00,INE0KZM01011,,Equity
543622,STML,Steelman Telecom Ltd,STEELMAN TELECOM LIMITED,M,Active,10.00,INE0MSK01016,,Equity
543623,VEDANTASSET,Vedant Asset Ltd,VEDANT ASSET LIMITED,MT,Active,10.00,INE0NC801013,,Equity
543637,PACE,Pace E-Commerce Ventures Ltd,PACE E-COMMERCE VENTURES LIMITED,MT,Active,10.00,INE0N1L01018,,Equity
543651,DAPS,DAPS Advertising Ltd,DAPS ADVERTISING LIMITED,M,Active,10.00,INE975Z01012,,Equity
543656,TECHNOPACK,Technopack Polymers Ltd,Technopack Polymers Limited,M,Active,10.00,INE0MXP01015,,Equity
543678,AMBOAGRI,Ambo Agritec Ltd,AMBO AGRITEC LIMITED,M,Active,10.00,INE0N6V01016,,Equity
543709,GARGI,PNGS Gargi Fashion Jewellery Ltd,PNGS GARGI FASHION JEWELLERY LIMITED,M,Active,10.00,INE0NT601018,,Equity
543713,DRONACHRYA,Droneacharya Aerial Innovations Ltd,Droneacharya Aerial Innovations Limited,M,Active,10.00,INE0MQD01015,,Equity
543744,REXSEAL,Rex Sealing and Packing Industries Ltd,Rex Sealing and Packing Industries Limited,M,Active,10.00,INE0MFT01014,,Equity
543745,SVS,SVS Ventures Ltd,SVS VENTURES LIMITED,M,Active,10.00,INE0MID01012,,Equity
543746,LOGICA,Logica Infoway Ltd,LOGICA INFOWAY LIMITED,M,Active,10.00,INE0BSU01018,,Equity
543753,DHARNI,Dharni Capital Services Ltd,DHARNI CAPITAL SERVICES LIMITED,M,Active,1.00,INE0M9Q01011,,Equity
543754,TRANSVOY,Transvoy Logistics India Ltd,TRANSVOY LOGISTICS INDIA LIMITED,M,Active,10.00,INE0MPU01011,,Equity
543765,EARTH,Earthstahl & Alloys Ltd,Earthstahl & Alloys Limited,M,Active,10.00,INE0O4V01010,,Equity
543769,INDONG,Indong Tea Company Ltd,INDONG TEA COMPANY LIMITED,M,Active,10.00,INE0KN201016,,Equity
543782,SEALMATIC,Sealmatic India Ltd,Sealmatic India Limited,M,Active,10.00,INE0O4601016,,Equity
543787,ROBU,Macfos Ltd,Macfos Limited,M,Active,10.00,INE0OLH01013,,Equity
543798,PATRON,Patron Exim Ltd,Patron Exim Limited,MT,Active,10.00,INE0NPA01011,,Equity
543799,SVJ,S. V. J. ENTERPRISES Ltd,S.V.J.ENTERPRISES LIMITED,M,Active,10.00,INE0JZS01010,,Equity
543804,AMANAYA,Amanaya Ventures Ltd,AMANAYA VENTURES LIMITED,M,Active,10.00,INE0G1V01016,,Equity
543805,RESGEN,Resgen Ltd,RESGEN LIMITED,M,Active,10.00,INE0NYN01016,,Equity
543806,ITCONS,ITCONS E-Solutions Ltd,ITCONS E-Solutions Limited,MT,Active,10.00,INE0O6A01019,,Equity
543814,PCL,Prospect Consumer Products Ltd,PROSPECT CONSUMER PRODUCTS LIMITED,M,Active,10.00,INE0OKG01017,,Equity
543828,SUDARSHAN,Sudarshan Pharma Industries Ltd,SUDARSHAN PHARMA INDUSTRIES LIMITED,MT,Active,1.00,INE00TV01023,,Equity
543830,LABELKRAFT,Labelkraft Technologies Ltd,LABELKRAFT TECHNOLOGIES LIMITED,M,Active,10.00,INE0NLJ01011,,Equity
543831,BRIGHT,Bright Outdoor Media Ltd,Bright Outdoor Media Limited,M,Active,10.00,INE0OMI01019,,Equity
543843,COMMAND,Command Polymers Ltd,Command Polymers Limited,MT,Active,10.00,INE0LKQ01012,,Equity
543848,DEVLAB,Dev Labtech Venture Ltd,Dev Labtech Venture Limited,MT,Active,10.00,INE0NIJ01017,,Equity
543874,MAIDEN,Maiden Forgings Ltd,Maiden Forgings Limited,M,Active,10.00,INE0O1T01010,,Equity
543895,EXHICON,Exhicon Events Media Solutions Ltd,Exhicon Events Media Solutions Limited,M,Active,10.00,INE0O8901016,,Equity
543897,SANCODE,Sancode Technologies Ltd,Sancode Technologies Limited,MT,Active,10.00,INE0P7001013,,Equity
543902,RETINA,Retina Paints Ltd,Retina Paints Limited,M,Active,10.00,INE0NTC01019,,Equity
543905,INNOKAIZ,Innokaiz India Ltd,INNOKAIZ INDIA LIMITED,MT,Active,10.00,INE0LDI01022,,Equity
543916,HSIL,Hemant Surgical Industries Ltd,Hemant Surgical Industries Limited,M,Active,10.00,INE0GYI01028,,Equity
543920,CFF,CFF Fluid Control Ltd,CFF FLUID CONTROL LIMITED,M,Active,10.00,INE0NJ001013,,Equity
543921,COMRADE,Comrade Appliances Ltd,Comrade Appliances Limited,M,Active,10.00,INE0NXA01015,,Equity
543924,SONALIS,Sonalis Consumer Products Ltd,Sonalis Consumer Products Limited,M,Active,10.00,INE0N5O01013,,Equity
543926,BIZOTIC,Bizotic Commercial Ltd,Bizotic Commercial Limited,MT,Active,10.00,INE0OJ401014,,Equity
543928,COSMICCRF,Cosmic CRF Ltd,Cosmic CRF Limited,M,Active,10.00,INE0ORA01015,,Equity
543931,VEEFIN,Veefin Solutions Ltd,VEEFIN SOLUTIONS LIMITED,M,Active,10.00,INE0Q0M01015,,Equity
543937,ALPHAIND,Alphalogic Industries Ltd,ALPHALOGIC INDUSTRIES LIMITED,MT,Active,10.00,INE0NZF01019,,Equity
543938,ACCELERATE,Acceleratebs India Ltd,ACCELERATEBS INDIA LIMITED,MT,Active,10.00,INE0POP01017,,Equity
543939,KAKA,Kaka Industries Ltd,Kaka Industries Limited,M,Active,10.00,INE0P3N01018,,Equity
543941,AHASOLAR,Ahasolar Technologies Ltd,AHASOLAR TECHNOLOGIES LIMITED,M,Active,10.00,INE0NEV01011,,Equity
543943,ASARFI,Asarfi Hospital Ltd,ASARFI HOSPITAL LIMITED,M,Active,10.00,INE0DN001027,,Equity
543953,KHAZANCHI,Khazanchi Jewellers Ltd,Khazanchi Jewellers Limited,M,Active,10.00,INE0OWC01011,,Equity
543963,SHELTER,Shelter Pharma Ltd,SHELTER PHARMA LIMITED,M,Active,10.00,INE013V01011,,Equity
543970,SHOORA,Shoora Designs Ltd,Shoora Designs Limited,MT,Active,10.00,INE0OJZ01019,,Equity
543971,BONDADA,Bondada Engineering Ltd,Bondada Engineering Limited,M,Active,2.00,INE0Q8P01029,,Equity
543979,KAHAN,Kahan Packaging Ltd,Kahan Packaging Limited,M,Active,10.00,INE04T901017,,Equity
543982,QUESTFLOW,Quest Flow Controls Ltd,QUEST FLOW CONTROLS LIMITED,MT,Active,10.00,INE0OYE01013,,Equity
543991,TECHKGREEN,Techknowgreen Solutions Ltd,TECHKNOWGREEN SOLUTIONS LIMITED,M,Active,10.00,INE0P4P01011,,Equity
543997,ORGANICREC,Organic Recycling Systems Ltd,ORGANIC RECYCLING SYSTEMS LIMITED,M,Active,10.00,INE0MIO01019,,Equity
544000,CCAL,City Crops Agro Ltd,CITY CROPS AGRO LIMITED,M,Active,10.00,INE0M7501019,,Equity
544001,SUNITATOOL,Sunita Tools Ltd,Sunita Tools Limited,MT,Active,10.00,INE0Q1S01010,,Equity
544002,VIVAA,Vivaa Tradecom Ltd,Vivaa Tradecom Limited,M,Active,10.00,INE0PA601017,,Equity
544011,VPL,Vrundavan Plantation Ltd,Vrundavan Plantation Limited,M,Active,10.00,INE0Q6901013,,Equity
544013,KKSHL,KK Shah Hospitals Ltd,KK Shah Hospitals Limited,M,Active,10.00,INE0OH401016,,Equity
544015,MISHDESIGN,Mish Designs Ltd,Mish Designs Limited,M,Active,10.00,INE0QI101019,,Equity
544023,KALYANI,Kalyani Cast-Tech Ltd,Kalyani Cast-Tech Limited,MT,Active,10.00,INE0N6U01018,,Equity
544025,ARROWHEAD,Arrowhead Seperation Engineering Ltd,Arrowhead Seperation Engineering Limited,M,Active,10.00,INE0PP401015,,Equity
544035,SPL,Swashthik Plascon Ltd,Swashthik Plascon Limited,M,Active,10.00,INE0RDR01012,,Equity
544036,DEEPAKCHEM,Deepak Chemtex Ltd,DEEPAK CHEMTEX LIMITED,M,Active,10.00,INE0RDM01013,,Equity
544037,AMIC,Amic Forging Ltd,Amic Forging Limited,M,Active,10.00,INE0P9J01013,,Equity
544047,SIYARAM,Siyaram Recycling Industries Ltd,Siyaram Recycling Industries Limited,MT,Active,10.00,INE0QSK01017,,Equity
544052,BENCHMARK,Benchmark Computer Solutions Ltd,Benchmark Computer Solutions Limited,M,Active,10.00,INE0Q2Z01013,,Equity
544056,SMARITIME,Sahara Maritime Ltd,Sahara Maritime Limited,M,Active,10.00,INE0PSJ01011,,Equity
544059,SHANTIDENM,Shanti Spintex Ltd,SHANTI SPINTEX LIMITED,M,Active,10.00,INE0QZQ01019,,Equity
544072,AIKPIPES,AIK Pipes and Polymers Ltd,AIK Pipes and Polymers Limited,MT,Active,10.00,INE0QFT01015,,Equity
544073,MCPL,Manoj Ceramic Ltd,Manoj Ceramic Limited,MT,Active,10.00,INE0A6N01026,,Equity
544074,SBVCL,Shri Balaji Valve Components Ltd,Shri Balaji Valve Components Limited,M,Active,10.00,INE0RNZ01014,,Equity
544082,SWANAGRO,New Swan Multitech Ltd,New Swan Multitech Limited,M,Active,10.00,INE0GEN01012,,Equity
544083,SHREE,Shree Marutinandan Tubes Ltd,Shree Marutinandan Tubes Limited,M,Active,10.00,INE0QIS01011,,Equity
544091,QLL,Qualitek Labs Ltd,Qualitek Labs Limited,M,Active,10.00,INE0Q1R01012,,Equity
544094,EUPHORIAIT,Euphoria Infotech (India) Ltd,Euphoria Infotech (India) Limited,M,Active,10.00,INE0PYT01018,,Equity
544101,BRISK,Brisk Technovision Ltd,Brisk Technovision Limited,M,Active,10.00,INE0Q6L01014,,Equity
544105,HARSHDEEP,Harshdeep Hortico Ltd,HARSHDEEP HORTICO LIMITED,M,Active,10.00,INE0OLZ01015,,Equity
544106,MCFL,Mayank Cattle Food Ltd,Mayank Cattle Food Limited,M,Active,10.00,INE0R5Z01015,,Equity
544108,GPSL,Gabriel Pet Straps Ltd,Gabriel Pet Straps Limited,M,Active,10.00,INE0QZF01012,,Equity
544121,RUDRAGAS,Rudra Gas Enterprise Ltd,Rudra Gas Enterprise Limited,M,Active,10.00,INE0OYK01010,,Equity
544139,KOURA,Koura Fine Diamond Jewelry Ltd,KOURA FINE DIAMOND JEWELRY LIMITED,M,Active,10.00,INE0M8R01011,,Equity
544141,PESB,Pune E - Stock Broking Ltd,Pune E - Stock Broking Limited,MT,Active,10.00,INE510U01018,,Equity
544143,ROYAL,Royal Sense Ltd,Royal Sense Limited,M,Active,10.00,INE0QQG01019,,Equity
544150,KPGEL,KP Green Engineering Ltd,KP GREEN ENGINEERING LIMITED,M,Active,5.00,INE0QVH01025,,Equity
544151,CHATHA,Chatha Foods Ltd,CHATHA FOODS LIMITED,M,Active,10.00,INE0AH901011,,Equity
544156,GCONNECT,Gconnect Logitech and Supply Chain Ltd,Gconnect Logitech and Supply Chain Limited,M,Active,10.00,INE0QHY01011,,Equity
544157,VRUDDHI,Vruddhi Engineering Works Ltd,Vruddhi Engineering Works Limited,M,Active,10.00,INE0OMZ01013,,Equity
544160,JAYKAILASH,Jay Kailash Namkeen Ltd,Jay Kailash Namkeen Limited,MT,Active,10.00,INE0MSS01019,,Equity
544163,GVL,Greenhitech Ventures Ltd,Greenhitech Ventures Limited,M,Active,10.00,INE0S0701019,,Equity
544164,FAALCON,Faalcon Concepts Ltd,Faalcon Concepts Limited,M,Active,10.00,INE0Q9W01015,,Equity
544165,SHIVAM,Shivam Chemicals Ltd,SHIVAM CHEMICALS LIMITED,MT,Active,10.00,INE0SGR01013,,Equity
544166,EMMFORCE,Emmforce Autotech Ltd,EMMFORCE AUTOTECH LIMITED,M,Active,10.00,INE0SDC01012,,Equity
544168,VARYAA,Varyaa Creations Ltd,VARYAA CREATIONS LIMITED,M,Active,10.00,INE0R6801013,,Equity
544169,AMKAY,Amkay Products Ltd,Amkay Products Limited,M,Active,10.00,INE0QSB01016,,Equity
544170,DKUAL,Dolphin Kitchen Utensils and Appliances Ltd,Dolphin Kitchen Utencils and Appliances Limited,MT,Active,10.00,INE0QXT01018,,Equity
544171,STAL,Storage Technologies and Automation Ltd,Storage Technologies and Automation Limited,MT,Active,10.00,INE0RGM01016,,Equity
544173,FTL,Finelistings Technologies Ltd,Finelistings Technologies Limited,MT,Active,10.00,INE0QOQ01013,,Equity
544175,TGIF,TGIF Agribusiness Ltd,TGIF AGRIBUSINESS LIMITED,M,Active,10.00,INE0SMU01015,,Equity
544177,AZTEC,Aztec Fluids & Machinery Ltd,Aztec Fluids & Machinery Limited,M,Active,10.00,INE0SCB01016,,Equity
544178,PIOTEX,Piotex Industries Ltd,PIOTEX INDUSTRIES LIMITED,M,Active,10.00,INE0R4W01015,,Equity
544183,ASSOCIATED,Associated Coaters Ltd,Associated Coaters Limited,M,Active,10.00,INE0RIQ01013,,Equity
544188,MAGENTA,Magenta Lifecare Ltd,Magenta Lifecare Limited,MT,Active,10.00,INE0QZ901011,,Equity
544189,SATTRIX,Sattrix Information Security Ltd,SATTRIX INFORMATION SECURITY LIMITED,MT,Active,10.00,INE0QUV01010,,Equity
544190,3CIT,3C IT Solutions and Telecoms (India) Ltd,3C IT Solutions and Telecoms (India) Limited,MT,Active,5.00,INE0R7D01018,,Equity
544195,COTFAB,United Cotfab Ltd,United Cotfab Limited,M,Active,10.00,INE0S0I01011,,Equity
544199,GEMENVIRO,GEM Enviro Management Ltd,GEM Enviro Management Limited,M,Active,5.00,INE0RUJ01013,,Equity
544201,DFPL,Dindigul Farm Product Ltd,DINDIGUL FARM PRODUCT LIMITED,MT,Active,10.00,INE0S6R01027,,Equity
544213,ACLD,Aelea Commodities Ltd,AELEA COMMODITIES LIMITED,M,Active,10.00,INE0T3401029,,Equity
544214,THREEMPAPE,Three M Paper Boards Ltd,THREE M PAPER BOARDS LIMITED,M,Active,10.00,INE0UK501010,,Equity
544219,VVIPIL,VVIP Infratech Ltd,VVIP Infratech Limited,M,Active,10.00,INE0MNP01016,,Equity
544220,CTLLAB,Clinitech Laboratory Ltd,Clinitech Laboratory Limited,M,Active,10.00,INE0QMR01015,,Equity
544221,KIZI,Kizi Apparels Ltd,Kizi Apparels Limited,M,Active,10.00,INE0RMR01013,,Equity
544224,AFCOM,Afcom Holdings Ltd,Afcom Holdings Limited,M,Active,10.00,INE0OXY01013,,Equity
544231,BROACH,Broach Lifecare Hospital Ltd,BROACH LIFECARE HOSPITAL LIMITED,M,Active,10.00,INE0SFZ01018,,Equity
544236,RAL,Resourceful Automobile Ltd,Resourceful Automobile Limited,M,Active,10.00,INE0SK201011,,Equity
544237,RAPID,Rapid Multimodal logistics Ltd,RAPID MULTIMODAL LOGISTICS LIMITED,MT,Active,10.00,INE0QA901010,,Equity
544242,TRAVELS,Travels & Rentals Ltd,Travels & rentals Limited,MT,Active,10.00,INE0SG001011,,Equity
544245,NHL,Naturewings Holidays Ltd,Naturewings Holidays Limited,M,Active,10.00,INE0N4701016,,Equity
544248,MCEL,Mach Conferences And Events Ltd,MACH CONFERENCES AND EVENTS LIMITED,M,Active,10.00,INE0UYT01018,,Equity
544251,SSL,Share Samadhan Ltd,Share Samadhan Limited,M,Active,10.00,INE0LY301010,,Equity
544257,SAFE,Sodhani Academy of Fintech Enablers Ltd,Sodhani Academy of Fintech Enablers Limited,M,Active,10.00,INE0Q3401017,,Equity
544259,PFL,Popular Foundations Ltd,POPULAR FOUNDATIONS LIMITED,M,Active,10.00,INE0PZB01013,,Equity
544265,NEXXUS,Nexxus Petro Industries Ltd,Nexxus Petro Industries Limited,M,Active,10.00,INE0QUL01011,,Equity
544267,SUBAM,Subam Papers Ltd,SUBAM PAPERS LIMITED,M,Active,10.00,INE0U6201010,,Equity
544269,NPFL,Neopolitan Pizza And Foods Ltd,NEOPOLITAN PIZZA AND FOODS LIMITED,M,Active,10.00,INE471R01019,,Equity
544270,KGVL,Khyati Global Ventures Ltd,Khyati Global Ventures Limited,M,Active,10.00,INE0S9501014,,Equity
544272,SHIVTEXCHEM,Shiv Texchem Ltd,SHIV TEXCHEM LIMITED,MT,Active,10.00,INE0YRO01015,,Equity
544287,MANGALCOMP,Mangal Compusolution Ltd,Mangal Compusolution Limited,M,Active,10.00,INE0RU901015,,Equity
544291,RAJESH,Rajesh Power Services Ltd,RAJESH POWER SERVICES LIMITED,M,Active,10.00,INE0VN801010,,Equity
544296,NISUS,Nisus Finance Services Co Ltd,NISUS FINANCE SERVICES CO LIMITED,M,Active,10.00,INE0DQN01013,,Equity
544303,TTC,Toss The Coin Ltd,TOSS THE COIN LIMITED,M,Active,10.00,INE0XAY01012,,Equity
544304,JUNGLECAMP,Jungle Camps India Ltd,JUNGLE CAMPS INDIA LIMITED,MT,Active,10.00,INE0WCH01015,,Equity
544310,YASHHV,Yash Highvoltage Ltd,Yash Highvoltage Limited,M,Active,5.00,INE00GK01023,,Equity
544312,HAMPS,Hamps Bio Ltd,HAMPS BIO LIMITED,M,Active,10.00,INE0QBD01018,,Equity
544313,NACDAC,NACDAC Infrastructure Ltd,NACDAC Infrastructure Limited,M,Active,10.00,INE0LB101011,,Equity
544324,CITICHEM,Citichem India Ltd,Citichem India Limited,M,Active,10.00,INE0A8401016,,Equity
544327,TECHNICHEM,Technichem Organics Ltd,TECHNICHEM ORGANICS LIMITED,MT,Active,10.00,INE0ZHT01012,,Equity
544329,VANDU,Leo Dryfruits & Spices Trading Ltd,LEO DRYFRUITS & SPICES TRADING LIMITED,M,Active,10.00,INE0RH001011,,Equity
544330,PARMESHWAR,Parmeshwar Metal Ltd,PARMESHWAR METAL LIMITED,M,Active,10.00,INE0QQJ01021,,Equity
544331,DAVIN,Davin Sons Retail Ltd,Davin Sons Retail Limited,M,Active,10.00,INE0Q2L01013,,Equity
544332,FABCLEAN,Fabtech Technologies Cleanrooms Ltd,FABTECH TECHNOLOGIES CLEANROOMS LIMITED,M,Active,10.00,INE0HSD01011,,Equity
544334,INDOBELL,Indobell Insulations Ltd,Indobell Insulations Limited,MT,Active,10.00,INE0FK501019,,Equity
544335,BRGIL,B.R.Goyal Infrastructure Ltd,B.R.GOYAL INFRASTRUCTURE LIMITED,M,Active,10.00,INE00ST01011,,Equity
544337,AVAX,Avax Apparels and Ornaments Ltd,Avax Apparels and Ornaments Limited,MT,Active,5.00,INE0NQ401024,,Equity
544340,RIKHAV,Rikhav Securities Ltd,Rikhav Securities Limited,M,Active,5.00,INE0CFH01028,,Equity
544341,LGLL,Landmark Global Learning Ltd,LANDMARK GLOBAL LEARNING LIMITED,M,Active,10.00,INE12QA01010,,Equity
544343,CNINFOTECH,Capitalnumbers Infotech Ltd,CAPITALNUMBERS INFOTECH  LIMITED,M,Active,10.00,INE0WXM01011,,Equity
544347,CLN,CLN Energy Ltd,CLN ENERGY LIMITED,M,Active,10.00,INE0WDX01010,,Equity
544348,GBLOGISTIC,GB Logistics Commerce Ltd,GB Logistics Commerce Limited,M,Active,10.00,INE0RWU01016,,Equity
544349,HMEML,H.M. Electro Mech Ltd,H.M. ELECTRO MECH LIMITED,M,Active,10.00,INE0DZD01015,,Equity
544351,MALPANI,Malpani Pipes And Fittings Ltd,MALPANI PIPES AND FITTINGS LIMITED,M,Active,10.00,INE0YON01014,,Equity
544353,AMWILL,Amwill Health Care Ltd,Amwill Health Care Limited,MT,Active,10.00,INE0U2L01017,,Equity
544354,SOLARIUM,Solarium Green Energy Ltd,SOLARIUM GREEN ENERGY LIMITED,M,Active,10.00,INE0W0H01017,,Equity
544365,SHANMUGA,Shanmuga Hospital Ltd,SHANMUGA HOSPITAL LIMITED,M,Active,10.00,INE0TD301017,,Equity
544366,LKMEHTA,L.K.Mehta Polymers Ltd,L.K.MEHTA POLYMERS LIMITED,M,Active,10.00,INE0FFF01017,,Equity
544368,SWASTH,Swasth Foodtech India Ltd,Swasth Foodtech India Limited,M,Active,10.00,INE0TIR01017,,Equity
544369,BEEZAASAN,Beezaasan Explotech Ltd,Beezaasan Explotech Limited,M,Active,10.00,INE13VU01016,,Equity
544370,NUKLEUS,Nukleus Office Solutions Ltd,NUKLEUS OFFICE SOLUTIONS LIMITED,M,Active,10.00,INE0VYX01018,,Equity
544372,SHREENATH,Shreenath Paper Products Ltd,SHREENATH PAPER PRODUCTS LIMITED,M,Active,10.00,INE0RXS01018,,Equity
544373,NAPSGLOBAL,NAPS Global India Ltd,NAPS Global India Limited,M,Active,10.00,INE0VNH01014,,Equity
544378,PSPL,PDP Shipping & Projects Ltd,PDP Shipping & Projects Limited,M,Active,10.00,INE0ABU01016,,Equity
544381,SUPERIRON,Super Iron Foundry Ltd,Super Iron Foundry Limited,MT,Active,10.00,INE16IQ01014,,Equity
544383,PPARIVAH,Paradeep Parivahan Ltd,PARADEEP PARIVAHAN LIMITED,M,Active,10.00,INE0SMW01011,,Equity
544387,DESCO,Desco Infratech Ltd,Desco Infratech Limited,MT,Active,10.00,INE0TGG01014,,Equity
544388,IDENTIXWEB,Identixweb Ltd,Identixweb Limited,M,Active,10.00,INE0PA401012,,Equity
544391,RETAGGIO,Retaggio Industries Ltd,Retaggio Industries Limited,M,Active,10.00,INE0KWJ01014,,Equity
544392,SPINAROO,Spinaroo Commercial Ltd,SPINAROO COMMERCIAL LIMITED,MT,Active,10.00,INE10XX01012,,Equity
544393,INFONATIVE,Infonative Solutions Ltd,INFONATIVE SOLUTIONS LIMITED,M,Active,1.00,INE12IB01015,,Equity
544398,KENRIK,Kenrik Industries Ltd,Kenrik Industries Limited,M,Active,10.00,INE0AOG01018,,Equity
544399,SRIGEE,Srigee Dlm Ltd,SRIGEE DLM LIMITED,M,Active,10.00,INE0RJ901010,,Equity
544400,MANOJJEWEL,Manoj Jewellers Ltd,Manoj Jewellers Limited,M,Active,10.00,INE0MV001018,,Equity
544406,UNIFIED,Unified Data Tech Solutions Ltd,UNIFIED DATA TECH SOLUTIONS LIMITED,M,Active,10.00,INE1ABX01018,,Equity
544409,ASTONEALAB,Astonea Labs Ltd,ASTONEA LABS LIMITED,M,Active,10.00,INE0TG901011,,Equity
544412,3BFILMS,3B Films Ltd,3B FILMS LIMITED,MT,Active,10.00,INE0TE101010,,Equity
544417,ATENPAPERS,Aten Papers & Foam Ltd,Aten Papers & Foam Limited,M,Active,10.00,INE0XCV01014,,Equity
544422,ABRFL,Abram Food Ltd,Abram Food Limited,M,Active,10.00,INE0ZDY01011,,Equity
544425,AJCJEWEL,AJC Jewel Manufacturers Ltd,AJC Jewel Manufacturers Limited,MT,Active,10.00,INE0XRR01010,,Equity
544426,ICON,Icon Facilitators Ltd,Icon Facilitators Limited,MT,Active,10.00,INE0Y0E01012,,Equity
544428,SEVL,Supertech Ev Ltd,SUPERTECH EV LIMITED,M,Active,10.00,INE0SC101013,,Equity
544431,ACEALPHA,Ace Alpha Tech Ltd,Ace Alpha Tech Limited,M,Active,10.00,INE0S9X01011,,Equity
544433,VALINDIA,Valencia India Ltd,Valencia India Limited,M,Active,10.00,INE130701019,,Equity
544434,NEETUYOSHI,Neetu Yoshi Ltd,Neetu Yoshi Limited,M,Active,5.00,INE0UZO01024,,Equity
544435,ADCOUNTY,Adcounty Media India Ltd,ADCOUNTY MEDIA INDIA LIMITED,M,Active,10.00,INE0W1601012,,Equity
544436,VANDAN,Vandan Foods Ltd,VANDAN FOODS LIMITED,M,Active,10.00,INE0RDJ01019,,Equity
544437,MARCLOIRE,Marc Loire Fashions Ltd,MARC LOIRE FASHIONS LIMITED,MT,Active,10.00,INE0TBQ01014,,Equity
544440,CRYOGENIC,Cryogenic Ogs Ltd,CRYOGENIC OGS LIMITED,M,Active,10.00,INE0TL001013,,Equity
544441,METAINFO,Meta Infotech Ltd,META INFOTECH LIMITED,M,Active,10.00,INE162901016,,Equity
544442,CHEMKART,Chemkart India Ltd,Chemkart India Limited,M,Active,10.00,INE0VWL01017,,Equity
544444,GLEN,Glen Industries Ltd,Glen Industries Limited,M,Active,10.00,INE0UMC01019,,Equity
544445,APL,Asston Pharmaceuticals Ltd,ASSTON PHARMACEUTICALS LIMITED,M,Active,10.00,INE0SJX01015,,Equity
544451,MONIKA,Monika Alcobev Ltd,MONIKA ALCOBEV LIMITED,M,Active,10.00,INE0LCG01010,,Equity
544452,SWASTIKAAL,Swastika Castal Ltd,Swastika Castal Limited,M,Active,10.00,INE0PTF01017,,Equity
544453,MSECL,Monarch Surveyors and Engineering Consultants Ltd,Monarch Surveyors and Engineering Consultants Limited,MT,Active,10.00,INE0V0L01028,,Equity
544458,SHREEREF,Shree Refrigerations Ltd,SHREE REFRIGERATIONS LIMITED,M,Active,2.00,INE0FMZ01045,,Equity
544460,PATELCHEM,Patel Chem Specialities Ltd,PATEL CHEM SPECIALITIES LIMITED,M,Active,10.00,INE161701011,,Equity
544463,REPONO,Repono Ltd,REPONO LIMITED,M,Active,10.00,INE15WN01014,,Equity
544464,UML,Umiya Mobile Ltd,Umiya Mobile Limited,M,Active,10.00,INE1P1A01018,,Equity
544468,BDI,B. D. Industries (Pune) Ltd,B. D. Industries (Pune) Limited,M,Active,10.00,INE1LJ801017,,Equity
544471,TAKYON,Takyon Networks Ltd,TAKYON NETWORKS LIMITED,M,Active,10.00,INE14OX01013,,Equity
544472,MEHUL,Mehul Colours Ltd,MEHUL COLOURS LIMITED,M,Active,10.00,INE1KH601014,,Equity
544474,BLT,BLT Logistics Ltd,BLT Logistics Limited,M,Active,10.00,INE0W4K01013,,Equity
544475,ESSEX,Essex Marine Ltd,ESSEX MARINE LIMITED,MT,Active,10.00,INE1IBY01019,,Equity
544482,STARIMAGIN,Star Imaging And Path Lab Ltd,STAR IMAGING AND PATH LAB LIMITED,M,Active,10.00,INE0YG001013,,Equity
544483,ICODEX,Icodex Publishing Solutions Ltd,ICODEX PUBLISHING SOLUTIONS LIMITED,M,Active,10.00,INE111601014,,Equity
544489,LGT,LGT Business Connextions Ltd,LGT Business Connextions Limited,M,Active,10.00,INE191201016,,Equity
544494,GLOBTIER,Globtier Infotech Ltd,Globtier Infotech limited,M,Active,10.00,INE12P601017,,Equity
544495,NISMGMT,NIS Management Ltd,NIS MANAGEMENT LIMITED,M,Active,10.00,INE0M3X01010,,Equity
544498,OVAL,Oval Projects Engineering Ltd,OVAL PROJECTS ENGINEERING LIMITED,M,Active,10.00,INE0RTI01017,,Equity
544500,ABRIL,Abril Paper Tech Ltd,ABRIL PAPER TECH LIMITED,M,Active,10.00,INE15MX01014,,Equity
544501,SUGSLLOYD,Sugs Lloyd Ltd,SUGS LLOYD LIMITED,M,Active,10.00,INE0XX801016,,Equity
544503,RACHIT,Rachit Prints Ltd,Rachit Prints Limited,MT,Active,10.00,INE0ZN101029,,Equity
544504,GOELCONS,Goel Construction Company Ltd,GOEL CONSTRUCTION COMPANY LIMITED,M,Active,10.00,INE0ZOM01013,,Equity
544505,AUSTERE,Austere Systems Ltd,AUSTERE SYSTEMS LIMITED,M,Active,10.00,INE104201012,,Equity
544506,SHARVAYA,Sharvaya Metals Ltd,SHARVAYA METALS LIMITED,M,Active,10.00,INE0UJF01018,,Equity
544508,VASHISHTHA,Vashishtha Luxury Fashion Ltd,VASHISHTHA LUXURY FASHION LIMITED,M,Active,10.00,INE0WRP01016,,Equity
544509,KRUPALU,Krupalu Metals Ltd,Krupalu Metals Limited,M,Active,10.00,INE0XZB01017,,Equity
544510,NCML,Nilachal Carbo Metalicks Ltd,NILACHAL CARBO METALICKS LIMITED,M,Active,10.00,INE346R01013,,Equity
544511,KARBON,Karbonsteel Engineering Ltd,Karbonsteel Engineering Limited,M,Active,10.00,INE0V8A01016,,Equity
544514,CITYSQUARE,Jay Ambe Supermarkets Ltd,JAY AMBE SUPERMARKETS LIMITED,MT,Active,10.00,INE1DRH01011,,Equity
544516,AIRFLOA,Airfloa Rail Technology Ltd,AIRFLOA RAIL TECHNOLOGY LIMITED,M,Active,10.00,INE0XBS01012,,Equity
544518,LTELEVATOR,L. T. Elevator Ltd,L. T. ELEVATOR LIMITED,M,Active,10.00,INE0TJ801010,,Equity
544520,SAMPAT,Sampat Aluminium Ltd,SAMPAT ALUMINIUM LIMITED,M,Active,10.00,INE10XS01012,,Equity
544524,JDCABLES,JD Cables Ltd,JD CABLES LIMITED,M,Active,10.00,INE14VP01014,,Equity
544529,APPL,Aptus Pharma Ltd,Aptus Pharma Limited,MT,Active,10.00,INE15XJ01010,,Equity
544531,TRUECOLORS,True Colors Ltd,TRUE COLORS LIMITED,M,Active,10.00,INE1LDV01015,,Equity
544535,BHARATROHAN,Bharatrohan Airborne Innovations Ltd,BHARATROHAN AIRBORNE INNOVATIONS LIMITED,M,Active,10.00,INE0QMV01017,,Equity
544538,PRARUH,Praruh Technologies Ltd,PRARUH TECHNOLOGIES LIMITED,M,Active,10.00,INE0TI501017,,Equity
544539,SOLVEX,Solvex Edibles Ltd,Solvex Edibles Limited,M,Active,10.00,INE1IIQ01028,,Equity
544541,SYSTEMATIC,Systematic Industries Ltd,SYSTEMATIC INDUSTRIES LIMITED,M,Active,10.00,INE1KLZ01011,,Equity
544542,JUSTO,Justo Realfintech Ltd,Justo Realfintech Limited,M,Active,10.00,INE0W5Q01017,,Equity
544544,TELGE,Telge Projects Ltd,TELGE PROJECTS LIMITED,M,Active,10.00,INE0SRP01014,,Equity
544546,CHTR,Chatterbox Technologies Ltd,Chatterbox Technologies Limited,MT,Active,10.00,INE1B4801017,,Equity
544548,GPAPL,Gujarat Peanut And Agri Products Ltd,GUJARAT PEANUT AND AGRI PRODUCTS LIMITED,M,Active,10.00,INE0SIK01014,,Equity
544549,EARKART,Earkart Ltd,EARKART LIMITED,M,Active,10.00,INE1A8F01035,,Equity
544551,BHAVIK,Bhavik Enterprises Ltd,BHAVIK ENTERPRISES LIMITED,M,Active,10.00,INE18PB01017,,Equity
544552,RDGAIL,Rukmani Devi Garg Agro Impex Ltd,RUKMANI DEVI GARG AGRO IMPEX LIMITED,M,Active,10.00,INE0S5T01017,,Equity
544553,MPKSTEELS,M P K Steels (I) Ltd,M P K STEELS (I) LIMITED,M,Active,10.00,INE1PJP01015,,Equity
544554,KVSCASTING,KVS Castings Ltd,KVS Castings Limited,M,Active,10.00,INE163701019,,Equity
544555,AMEENJI,Ameenji Rubber Ltd,AMEENJI RUBBER LIMITED,M,Active,10.00,INE14QA01016,,Equity
544556,DHILLON,Dhillon Freight Carrier Ltd,Dhillon Freight Carrier Limited,M,Active,10.00,INE0SPJ01011,,Equity
544559,OML,Om Metallogic Ltd,OM METALLOGIC LIMITED,M,Active,10.00,INE0R8Q01018,,Equity
544560,SODHACAP,Sodhani Capital Ltd,SODHANI CAPITAL LIMITED,M,Active,10.00,INE0QU501030,,Equity
544561,CHIRAHARIT,Chiraharit Ltd,Chiraharit Limited,MT,Active,1.00,INE12P101018,,Equity
544563,ZELIO,Zelio E Mobility Ltd,Zelio E Mobility Limited,MT,Active,10.00,INE1B3501014,,Equity
544565,VALPLAST,Valplast Technologies Ltd,Valplast Technologies Limited,M,Active,10.00,INE0QP701017,,Equity
544566,SUNSKY,Sunsky Logistics Ltd,Sunsky Logistics Limited,M,Active,2.00,INE10CM01027,,Equity
544567,INFINITY,Infinity Infoway Ltd,Infinity Infoway Limited,M,Active,10.00,INE16XA01017,,Equity
544568,ZAPPFRESH,DSM Fresh Foods Ltd,DSM Fresh Foods Limited,M,Active,10.00,INE0SUM01015,,Equity
544571,NSBBPO,NSB BPO Solutions Ltd,NSB BPO Solutions Limited,M,Active,10.00,INE0SLP01017,,Equity
544575,MITTALSTL,Mittal Sections Ltd,Mittal Sections Limited,M,Active,10.00,INE833Q01012,,Equity
544582,SHLOKKA,Shlokka Dyes Ltd,SHLOKKA DYES LIMITED,MT,Active,10.00,INE1EUB01016,,Equity
544584,SKM,SK Minerals & Additives Ltd,SK Minerals & Additives Limited,MT,Active,10.00,INE13YH01017,,Equity
544585,SIHORA,Sihora Industries Ltd,SIHORA INDUSTRIES LIMITED,M,Active,10.00,INE0SFA01011,,Equity
544594,TRADEUNO,Game Changers Texfab Ltd,GAME CHANGERS TEXFAB LIMITED,M,Active,10.00,INE1GUJ01014,,Equity
544596,SAFECURE,Safecure Services Ltd,Safecure Services Limited,M,Active,10.00,INE0SVZ01015,,Equity
544607,SHTL,Shining Tools Ltd,SHINING TOOLS LIMITED,MT,Active,10.00,INE0D8001018,,Equity
544610,WORKMATES,Workmates Core2Cloud Solution Ltd,WORKMATES CORE2CLOUD SOLUTION LIMITED,M,Active,10.00,INE1I1301016,,Equity
544611,MAHALIFE,Mahamaya Lifesciences Ltd,MAHAMAYA LIFESCIENCES LIMITED,M,Active,10.00,INE0U9D01019,,Equity
544616,GALLARD,Gallard Steel Ltd,Gallard Steel Limited,M,Active,10.00,INE0BUQ01012,,Equity
544621,SSMD,SSMD Agrotech India Ltd,SSMD AGROTECH INDIA LIMITED,MT,Active,10.00,INE1U2R01013,,Equity
544623,MNFL,Mother Nutri Foods Ltd,Mother Nutri Foods Limited,M,Active,10.00,INE0UH001016,,Equity
544624,KKSILK,K K Silk Mills Ltd,K K SILK MILLS LIMITED,M,Active,10.00,INE0EOJ01014,,Equity
544625,LOGICIEL,Logiciel Solutions Ltd,Logiciel Solutions Limited,MT,Active,10.00,INE1BA901016,,Equity
544626,EXATO,Exato Technologies Ltd,EXATO TECHNOLOGIES LIMITED,M,Active,10.00,INE1E4401010,,Equity
544627,PURPLEWAVE,Purple Wave Infocom Ltd,PURPLE WAVE INFOCOM LIMITED,M,Active,10.00,INE0VDK01019,,Equity
544628,ASTRONMULT,Astron Multigrain Ltd,Astron Multigrain Limited,M,Active,10.00,INE0RUY01012,,Equity
544629,RAVEL,Ravelcare Ltd,Ravelcare Limited,M,Active,10.00,INE0W4D01018,,Equity
544630,HELLOJI,Helloji Holidays Ltd,HELLOJI HOLIDAYS LIMITED,M,Active,10.00,INE1FJE01010,,Equity
544635,LUXURY,Luxury Time Ltd,Luxury Time Limited,M,Active,10.00,INE1CJB01013,,Equity
544636,WOSAL,Western Overseas Study Abroad Ltd,Western Overseas Study Abroad Limited,MT,Active,10.00,INE1MF401019,,Equity
544637,METHODHUB,Methodhub Software Ltd,Methodhub Software Limited,M,Active,10.00,INE0QZR01017,,Equity
544640,RDEL,Riddhi Display Equipments Ltd,Riddhi Display Equipments Limited,MT,Active,10.00,INE1DKT01011,,Equity
544641,KVTOYS,K. V. Toys India Ltd,K. V. TOYS INDIA LIMITED,M,Active,10.00,INE1IE301018,,Equity
544643,PRODOCS,Prodocs Solutions Ltd,PRODOCS SOLUTIONS LIMITED,MT,Active,10.00,INE10XK01019,,Equity
544646,SHIPWAVES,Shipwaves Online Ltd,Shipwaves Online Limited,MT,Active,1.00,INE0O9L01010,,Equity
544648,UNISEM,Unisem Agritech Ltd,UNISEM AGRITECH LIMITED,M,Active,5.00,INE1FHV01026,,Equity
544656,HRS,HRS Aluglaze Ltd,HRS ALUGLAZE LIMITED,MT,Active,10.00,INE1E1V01017,,Equity
544657,PAJSON,Pajson Agro India Ltd,Pajson Agro India Limited,MT,Active,10.00,INE14LM01012,,Equity
544659,STANBIK,Stanbik Agro Ltd,STANBIK AGRO LIMITED,M,Active,10.00,INE16QA01011,,Equity
544663,NEPLOG,Neptune Logitek Ltd,NEPTUNE LOGITEK LIMITED,M,Active,10.00,INE1NQ501012,,Equity
544665,GLOBALLOG,Global Ocean Logistics India Ltd,Global Ocean Logistics India Limited,M,Active,10.00,INE1ITY01011,,Equity
544667,DACHEPALLI,Dachepalli Publishers Ltd,Dachepalli Publishers Limited,M,Active,10.00,INE1F9M01018,,Equity
544668,NANTA,Nanta Tech Ltd,NANTA TECH LIMITED,MT,Active,10.00,INE0YJA01011,,Equity
544669,ADMACH,Admach Systems Ltd,ADMACH SYSTEMS LIMITED,M,Active,10.00,INE0XLO01010,,Equity
544670,BAIKAKAJI,Bai-Kakaji Polymers Ltd,BAI-KAKAJI POLYMERS LIMITED,M,Active,10.00,INE1IJQ01026,,Equity
544671,ATIL,Apollo Techno Industries Ltd,APOLLO TECHNO INDUSTRIES LIMITED,M,Active,10.00,INE0X4A01013,,Equity
544673,MDRC,Modern Diagnostic & Research Centre Ltd,MODERN DIAGNOSTIC & RESEARCH CENTRE LIMITED,M,Active,10.00,INE1HK501016,,Equity
544675,GTIL,Gabion Technologies India Ltd,Gabion Technologies India Limited,M,Active,10.00,INE1H1501013,,Equity
544676,YAJUR,Yajur Fibres Ltd,YAJUR FIBRES LIMITED,M,Active,10.00,INE0CNJ01010,,Equity
544677,DEFRAIL,Defrail Technologies Ltd,Defrail Technologies Limited,M,Active,10.00,INE0ZE201010,,Equity
544680,NARMADESH,Narmadesh Brass Industries Ltd,Narmadesh Brass Industries Limited,M,Active,10.00,INE0S1B01014,,Equity
544681,INDOSMC,INDO SMC Ltd,INDO SMC Limited,MT,Active,10.00,INE0WKY01013,,Equity
544682,GRERENEW,GRE Renew Enertech Ltd,GRE Renew Enertech Limited,M,Active,10.00,INE0U8P01015,,Equity
544683,ARITAS,Aritas Vinyl Ltd,Aritas Vinyl Limited,M,Active,10.00,INE1D8001016,,Equity
544684,DIGILOGIC,Digilogic Systems Ltd,DIGILOGIC SYSTEMS LIMITED,M,Active,2.00,INE1OOT01028,,Equity
544686,SHAYONAENG,Shayona Engineering Ltd,SHAYONA ENGINEERING LIMITED,M,Active,10.00,INE0UCL01011,,Equity
544687,HANNAH,Hannah Joseph Hospital Ltd,Hannah Joseph Hospital Limited,M,Active,10.00,INE0JVH01012,,Equity
544688,KASTURI,Kasturi Metal Composite Ltd,KASTURI METAL COMPOSITE LIMITED,M,Active,10.00,INE0T1301023,,Equity
544693,KANISHK,Kanishk Aluminium India Ltd,KANISHK ALUMINIUM INDIA LIMITED,M,Active,10.00,INE163401016,,Equity
544694,ANL,Accretion Nutraveda Ltd,Accretion Nutraveda Limited,M,Active,10.00,INE1KVQ01019,,Equity
544695,MSAFE,Msafe Equipments Ltd,Msafe Equipments Limited,M,Active,10.00,INE2B5L01011,,Equity
544698,PANHR,PAN HR Solution Ltd,PAN HR SOLUTION LIMITED,M,Active,10.00,INE1N9E01015,,Equity
544707,FIL,Fractal Industries Ltd,Fractal Industries Limited,M,Active,10.00,INE1W3Q01011,,Equity
544708,YASHHTEJ,Yashhtej Industries (India) Ltd,Yashhtej Industries (India) Limited,MT,Active,10.00,INE1O6P01016,,Equity
544710,ACCORDTS,Accord Transformer & Switchgear Ltd,ACCORD TRANSFORMER & SWITCHGEAR LIMITED,M,Active,10.00,INE132201018,,Equity
544711,KIAASA,Kiaasa Retail Ltd,KIAASA RETAIL LIMITED,M,Active,10.00,INE1C3F01018,,Equity
544724,ELFIN,Elfin Agro India Ltd,Elfin Agro India Limited,M,Active,5.00,INE1FEW01013,,Equity
544735,NOVUS,Novus Loyalty Ltd,Novus Loyalty Limited,M,Active,10.00,INE1TFS01019,,Equity
544738,SPML,Speciality Medicines Ltd,SPECIALITY MEDICINES LIMITED,MT,Active,10.00,INE0R0M01014,,Equity
544740,TIPCO,Tipco Engineering India Ltd,Tipco Engineering India Limited,MT,Active,10.00,INE1U6D01014,,Equity
544741,HIGHNESS,Highness Microelectronics Ltd,Highness Microelectronics Limited,M,Active,10.00,INE1KI801019,,Equity
544746,SCDL,Safety Controls & Devices Ltd,SAFETY CONTROLS & DEVICES LIMITED,M,Active,10.00,INE0UMH01018,,Equity
544747,EMIAC,Emiac Technologies Ltd,EMIAC TECHNOLOGIES LIMITED,M,Active,10.00,INE1OSW01015,,Equity
544751,MTL,Mehul Telecom Ltd,MEHUL TELECOM LIMITED,MT,Active,10.00,INE1K0V01011,,Equity
